Nombres;Apellidos;Telefono
Edisson;Caicedo;3175768681
Samantha;Vargas;3423465465
Michel;Prada;345435434
Andres;Molano;4545345
Ivan;Wilches;343243243
Bairon;Diaz;34324324
Mary;Castellanos;34345454
Edisson;Caicedo;3175768681
Samantha;Vargas;3423465465
Michel;Prada;345435434
Andres;Molano;4545345
Ivan;Wilches;343243243
Bairon;Diaz;34324324
Mary;Castellanos;34345454
Edisson;Caicedo;3175768681
Samantha;Vargas;3423465465
Michel;Prada;345435434
Andres;Molano;4545345
Ivan;Wilches;343243243
Bairon;Diaz;34324324
Mary;Castellanos;34345454
Edisson;Caicedo;3175768681
Samantha;Vargas;3423465465
Michel;Prada;345435434
Andres;Molano;4545345
Ivan;Wilches;343243243
Bairon;Diaz;34324324
Mary;Castellanos;34345454
Edisson;Caicedo;3175768681
Samantha;Vargas;3423465465
Michel;Prada;345435434
Andres;Molano;4545345
Ivan;Wilches;343243243
Bairon;Diaz;34324324
Mary;Castellanos;34345454
Edisson;Caicedo;3175768681
Samantha;Vargas;3423465465
Michel;Prada;345435434
Andres;Molano;4545345
Ivan;Wilches;343243243
Bairon;Diaz;34324324
Mary;Castellanos;34345454
Edisson;Caicedo;3175768681
Samantha;Vargas;3423465465
Michel;Prada;345435434
Andres;Molano;4545345
Ivan;Wilches;343243243
Bairon;Diaz;34324324
Mary;Castellanos;34345454
Edisson;Caicedo;3175768681
Samantha;Vargas;3423465465
Michel;Prada;345435434
Andres;Molano;4545345
Ivan;Wilches;343243243
Bairon;Diaz;34324324
Mary;Castellanos;34345454
Edisson;Caicedo;3175768681
Samantha;Vargas;3423465465
Michel;Prada;345435434
Andres;Molano;4545345
Ivan;Wilches;343243243
Bairon;Diaz;34324324
Mary;Castellanos;34345454
Edisson;Caicedo;3175768681
Samantha;Vargas;3423465465
Michel;Prada;345435434
Andres;Molano;4545345
Ivan;Wilches;343243243
Bairon;Diaz;34324324
Mary;Castellanos;34345454
Edisson;Caicedo;3175768681
Samantha;Vargas;3423465465
Michel;Prada;345435434
Andres;Molano;4545345
Ivan;Wilches;343243243
Bairon;Diaz;34324324
Mary;Castellanos;34345454
